"Bacteria","Degree","Strength","Betweenness","Eigen_vector"
"Bacteroides_vulgatus_ATCC_8482",49,19.466424586,176,0.930172082489436
"Faecalibacterium_prausnitzii_SL3_3",49,20.691708458,250,1
"Bacteroides_sp_9_1_42FAA",47,19.739420381,75,0.958478086972472
"Roseburia_intestinalis_M50_1",47,19.284364427,459,0.94710969417702
"Dorea_formicigenerans_ATCC_27755",46,18.944663762,39,0.929408125402214
"Bacteroides_ovatus_ATCC_8483",45,17.351636529,83,0.846378889081977
"Bacteroides_sp_2_2_4",45,18.275495173,157,0.89419788134516
"Eubacterium_rectale_M104_1",45,18.841462819,24,0.921490326132903
"Bacteroides_sp_4_3_47FAA",44,18.253073959,153,0.887147663990598
"Bacteroides_xylanisolvens_XB1A",44,17.688035388,115,0.871877206122926
"Parabacteroides_distasonis_ATCC_8503",44,17.415369956,107,0.864674604034061
"Bacteroides_dorei_DSM_17855",43,16.582771345,468,0.719797418689129
"Bacteroides_sp_D1",43,17.472014094,24,0.862594091310302
"Eubacterium_siraeum_70_3",43,16.484367875,38,0.792081083624438
"Bacteroides_sp_2_1_7",42,17.074969756,122,0.857704057655901
"Eubacterium_hallii_DSM_3353",42,17.242946744,7,0.815786234531858
"Ruminococcus_sp_SR1_5",42,16.998426818,27,0.801745217307332
"Ruminococcus_torques_L2_14",42,17.303075377,16,0.829790595722483
"Clostridiales_sp_SS3_4",41,17.273689959,8,0.844155938119104
"Collinsella_aerofaciens_ATCC_25986",41,16.870090431,8,0.850836301992378
"Coprococcus_comes_ATCC_27758",40,17.771067261,5,0.883025359266275
"Dorea_longicatena_DSM_13814",40,14.843756948,5,0.632158354524437
"Bacteroides_dorei_5_1_36_D4",39,16.018337436,34,0.76205734360479
"Pseudoflavonifractor_capillosus_ATCC_29799",39,14.124673366,256,0.478096440111121
"Ruminococcus_obeum_A2_162",39,15.560864648,11,0.727104971278649
"Clostridium_difficile_630",39,15.337578872,638,0.00575433716533275
"Clostridium_phytofermentans_ISDg",39,15.31976312,298,0.00418090702863238
"Bacteroides_thetaiotaomicron_VPI_5482",38,13.476594262,50,0.567300783859013
"Clostridium_sp_SS2_1",38,15.334316346,3,0.687525262793331
"Eubacterium_ventriosum_ATCC_27560",38,13.496871131,30,0.65831945208551
"Porphyromonas_gingivalis_ATCC_33277",38,14.181564753,148,0.00385405248790641
"Streptococcus_infantarius_infantarius_ATCC_BAA_102",38,13.439392205,430,0.00352340199294051
"Bifidobacterium_adolescentis_L2_32",37,12.562886913,36,0.559665476398996
"Bifidobacterium_longum_longum_CCUG_52486",37,13.848887454,49,0.696468637960935
"Holdemania_filiformis_VPI_J1_31B_1_DSM_12042",37,12.966593752,563,0.456827819258593
"Subdoligranulum_variabile_DSM_15176",37,13.135198792,1311,0.377081640104941
"Candidatus_Sulcia_muelleri_GWSS",37,14.95501027,227,0.00696548464717583
"Collinsella_stercoris_DSM_13279",37,14.65088537,720,0.0077338520421052
"Clostridium_sp_M62_1",36,12.376047193,1092,0.3802178078011
"Desulfovibrio_vulgaris_Miyazaki_F",36,13.413234896,62,0.00311760413693582
"Bacteroides_fragilis_3_1_12",35,11.835935104,143,0.470299531550657
"Ruminococcus_lactaris_ATCC_29176",35,12.157437113,14,0.518773000994562
"Butyrivibrio_fibrisolvens_16_4",35,14.146512952,197,0.00963153839581383
"Clostridium_hylemonae_DSM_15053",35,14.56798584,135,0.00579663611768557
"Clostridium_perfringens_ATCC_13124",34,12.558046089,81,0.00161056274112151
"Clostridium_sp_7_2_43FAA",34,12.732640221,51,0.00212581542779924
"Clostridium_leptum_DSM_753",33,10.829005452,91,0.483092500322121
"Anaerofustis_stercorihominis_DSM_17244",33,12.51676075,98,0.00235666312360857
"Bifidobacterium_animalis_lactis_AD011",33,11.344725078,286,0.00273991040631031
"Finegoldia_magna_ATCC_29328",33,12.070356343,13,0.00153748132829402
"Streptococcus_pyogenes_M4_MGAS10750",33,11.025830093,254,0.000791527241465606
"Streptococcus_suis_05ZYH33",33,10.991737873,184,0.000875662305654132
"Anaerococcus_hydrogenalis_DSM_7454",32,11.366817181,726,0.00102192166440642
"Bryantella_formatexigens_I_52_DSM_14469",31,12.72793436,295,0.0169360950472755
"Streptococcus_thermophilus_LMD_9",31,9.822999073,198,0.380391254047403
"Bifidobacterium_breve_DSM_20213",31,11.315202553,26,0.00748899210668847
"Bifidobacterium_dentium_ATCC_27678",31,10.581866919,139,0.00650685912209983
"Bifidobacterium_gallicum_DSM_20093",31,10.848601423,50,0.000907829903749395
"Bacteroides_cellulosilyticus_DSM_14838",30,10.134872533,35,0.418098662767597
"Coprococcus_eutactus_ATCC_27759",30,10.02010028,14,0.496330540686105
"Ruminococcus_bromii_L2_63",30,10.425358814,24,0.39311631998719
"Anaerostipes_caccae_DSM_14662",30,11.609775733,314,0.00714176951072231
"Leuconostoc_mesenteroides_mesenteroides_ATCC_8293",29,9.305440769,133,0.0012977844999525
"Citrobacter_koseri_ATCC_BAA_895",29,9.965018142,222,0.00126036365621417
"Streptococcus_pneumoniae_Hungary19A_6",29,11.102730213,203,0.00730845940180944
"Anaerotruncus_colihominis_DSM_17241",28,10.654677878,254,0.144902209414376
"Blautia_hansenii_VPI_C7_24_DSM_20583",28,11.633459535,451,0.024825681024284
"Enterococcus_sp_7L76",28,9.747226588,107,0.00189277184997391
"Eubacterium_dolichum_DSM_3991",28,10.799178696,235,0.00814175290821938
"Clostridium_methylpentosum_R2_DSM_5476",27,11.189348047,767,0.0245338880980294
"Clostridium_scindens_ATCC_35704",27,10.917956525,558,0.0427249740403954
"Enterococcus_faecalis_TX0104",27,10.046330702,1000,0.0520983243037917
"Actinomyces_odontolyticus_ATCC_17982",27,10.075073795,268,0.00419618239577081
"Blautia_hydrogenotrophica_DSM_10507",27,10.709999674,590,0.0145839517133669
"Alistipes_putredinis_DSM_17216",26,10.172338418,1,0.355241422883245
"Bacteroides_caccae_ATCC_43185",24,8.728193761,7,0.289295678335217
"Coprobacillus_sp_D7",24,9.879446334,102,0.0150560771606146
"Enterococcus_faecalis_TX1322",24,8.198223317,136,0.00147744868510623
"Streptococcus_mutans_UA159",24,8.101157946,57,0.00152860157234596
"Collinsella_intestinalis_DSM_13280",23,8.557130915,11,0.00430684906433948
"Cronobacter_sakazakii_ATCC_BAA_894",23,8.485909061,74,0.000605933425109084
"Fusobacterium_nucleatum_nucleatum_ATCC_25586",23,7.706034244,59,0.000886453110180297
"Salmonella_enterica_sv_Heidelberg_SL476_CVM30485",23,8.344590071,74,0.000597959954824537
"Clostridium_asparagiforme_DSM_15981",22,8.466540469,349,0.0919959120635172
"Parabacteroides_merdae_ATCC_43184",22,8.350324726,5,0.276320844422665
"Bacteroides_uniformis_ATCC_8492",21,8.652501823,2,0.265058339137265
"Akkermansia_muciniphila_ATCC_BAA_835",20,6.672685603,14,0.213547344239115
"Bacteroides_finegoldii_DSM_17565",20,6.191629064,182,0.24514948150486
"Eubacterium_biforme_DSM_3989",20,6.415317013,8,0.27544383142948
"Lactococcus_lactis_cremoris_MG1363",20,6.777970609,9,0.00154408084470919
"Clostridium_bartlettii_DSM_16795",19,6.46205501,31,0.218379959501563
"Clostridium_nexile_DSM_1787",19,7.110251908,128,0.118531820725009
"Gordonibacter_pamelaeae_7_10_1_bT_DSM_19378",18,6.456174999,366,0.0440674352108854
"Clostridium_symbiosum_WAL_14163",18,6.425200845,763,0.0353772928449631
"Actinobacillus_pleuropneumoniae_sv_7_AP76",18,7.367721476,1,0.000294766573844637
"Haemophilus_parasuis_SH0165",18,7.372644741,20,0.000295746566139327
"Lactobacillus_helveticus_DPC_4571",18,6.196320037,333,9.10436922786036e-05
"Staphylococcus_saprophyticus_saprophyticus_ATCC_15305",18,6.758304954,62,0.000100152288563073
"Bacteroides_eggerthii_DSM_20697",17,5.662814684,18,0.176869110306224
"Bacteroides_stercoris_ATCC_43183",17,5.587070539,21,0.225779988049326
"Pasteurella_multocida_multocida_Pm70",17,6.998737331,7,0.000289145533293556
"Streptococcus_gordonii_Challis_CH1",17,6.479083195,270,0.00210522305628715
"Butyrivibrio_crossotus_DSM_2876",16,5.338489415,9,0.131689176590565
"Citrobacter_sp_30_2",16,5.912326223,146,0.000709764295655414
"Clostridium_spiroforme_DSM_1552",16,5.440663476,359,0.0786276197734065
"Enterobacter_sp_638",14,5.542240534,10,0.000346570087428033
"Lactobacillus_ultunensis_DSM_16047",14,5.612460747,100,4.24765589963096e-05
"Escherichia_coli_O157_H7_EC4115",13,4.631146002,32,0.116272464493407
"Streptococcus_sanguinis_SK36",13,5.616630421,10,0.0011380586777484
"Tropheryma_whipplei_Twist",12,4.370889617,68,0.00018785436409601
"Ruminococcus_gnavus_ATCC_29149",11,4.65603105,0,0.0550452480741497
"Bifidobacterium_angulatum_DSM_20098",11,4.186281034,1,0.00347093419642481
"Campylobacter_concisus_13826",11,4.577557676,1,0.0001689208594345
"Haemophilus_influenzae_NTHi_86_028NP",11,4.149837581,207,0.00216058461468271
"Lactobacillus_paracasei_ATCC_25302",11,4.321259072,247,5.45901510416292e-05
"Thermoanaerobacter_sp_X514",11,4.274614042,48,0.000344325200792879
"Bacteroides_intestinalis_341_DSM_17393",9,3.624081234,6,0.0718705769114412
"Clostridium_sp_L2_50",9,3.529158997,11,0.0951479878264758
"Proteus_penneri_ATCC_35198",9,4.653519509,0,7.54118586137966e-06
"Bacteroides_pectinophilus_ATCC_43243",8,3.411987584,9,0.0534062160107869
"Clostridium_bolteae_ATCC_BAA_613",8,3.732172551,0,0.0430785262849551
"Lactobacillus_hilgardii_ATCC_8290",8,3.647261566,49,3.9792553843461e-05
"Lactobacillus_johnsonii_NCC_533",8,4.575213096,0,8.12986519634178e-06
"Proteus_mirabilis_HI4320",8,4.390719101,0,6.23939934649011e-06
"Parabacteroides_johnsonii_DSM_18315",7,3.096585084,47,0.0598776334291264
"Desulfovibrio_piger_ATCC_29098",7,3.137152798,4,0.0794495883776571
"Helicobacter_pullorum_MIT_98_5489",7,3.907648842,0,4.1202055557602e-06
"Lactobacillus_gasseri_ATCC_33323",7,3.136508137,6,3.63486522281218e-05
"Escherichia_fergusonii_UMN026_ATCC_35469",6,2.913490724,4,0.00174021877306834
"Lactobacillus_sakei_sakei_23K",6,3.009713194,243,0.000211909186412714
"Clostridium_ramosum_VPI_0427_DSM_1402",5,3.037695968,0,0.00100850095666409
"Lactobacillus_fermentum_IFO_3956",5,3.034605891,20,4.62423528520833e-06
"Lactobacillus_salivarius_HO66_ATCC_11741",5,3.634893977,0,9.2517305893267e-05
"Methanobrevibacter_smithii_DSM_2375",5,2.686557401,0,0.00951851215871348
"Pediococcus_pentosaceus_ATCC_25745",5,3.598288378,0,8.76763367444478e-05
"Bifidobacterium_pseudocatenulatum_DSM_20438",4,2.448753086,0,0.00736513270104378
"Lactobacillus_reuteri_SD2112_ATCC_55730",4,2.824691806,0,4.97712634339346e-06
"Bacteroides_coprophilus_DSM_18228",3,2.324500529,0,1.64706617004506e-17
"Bacteroides_plebeius_M12_DSM_17135",3,2.324500529,0,1.64706617004506e-17
"Prevotella_copri_CB7_DSM_18205",3,2.213841368,0,3.29413234009011e-17
"Campylobacter_hominis_ATCC_BAA_381",3,2.220909607,0,4.60562051696673e-05
"Enterobacter_cancerogenus_ATCC_35316",3,2.252881938,0,1.36574351168484e-05
"Lactobacillus_casei_casei_BL23",3,2.275349206,0,1.14376107053728e-06
"Mitsuokella_multacida_DSM_20544",3,2.213841368,0,1.64706617004506e-17
"Bacteroides_coprocola_M16_DSM_17136",2,2,0,0
"Bifidobacterium_catenulatum_DSM_16992",2,2,0,0
"Catenibacterium_mitsuokai_DSM_15897",2,2,0,4.11766542511264e-17
"Bifidobacterium_bifidum_NCIMB_41171",2,2,0,4.94119851013517e-17
"Klebsiella_pneumoniae_342",2,2,0,8.23533085022528e-18
"Lactobacillus_acidophilus_NCFM",2,2,0,0
"Lactobacillus_delbrueckii_bulgaricus_ATCC_11842",2,2,0,6.58826468018023e-17
"Megamonas_hypermegale_ART12_1",2,2,0,4.11766542511264e-17
"Methanosphaera_stadtmanae_DSM_3091",2,2,0,0
"Pseudomonas_aeruginosa_LESB58",2,2,0,8.23533085022528e-18
